Precision,Network Name,Data Format,Input Shape,Kernel Shape,Stride Size,Batch Size,Pass,Invocations,CUDA Time Avg,TC Time Avg,FP32 FLOPs Avg,FP16 FLOPs Avg,TC FLOPs Avg,FLOPs Avg,FP32 FLOPs Fraction Avg,FP16 FLOPs Fraction Avg,TC FLOPs Fraction Avg,Shared Transactions Avg,L1 Atomic Transactions Avg,Local Transactions Avg,Global Transactions Avg,L1 Transactions Avg,L1 Bytes Avg,L2 Transactions Avg,L2 Bytes Avg,DRAM Transactions Avg,DRAM Bytes Avg,Performance GFlop/s,FP32 Performance GFlop/s,FP16 Performance GFlop/s,TC Performance GFlop/s,L1 AI,FP32 L1 AI,FP16 L1 AI,TC L1 AI,L2 AI,FP32 L2 AI,FP16 L2 AI,TC L2 AI,DRAM AI,FP32 DRAM AI,FP16 DRAM AI,TC DRAM AI
FP16,ResNet50-1,NHWC,224x224x3,7x7x3x64,2,16,backward,620.0,0.087053792082125,0.0146599583899828,276843176320.0,4416809620.0,1301671449157.5632,1582931435097.5632,0.17489271498543266,0.00279027222662223,0.8223170127879451,954472880.0,11760.0,162909744.0,1659400411.0,2776794795.0,88857433440.0,1007221330.0,32231082560.0,277377332.0,8876074624.0,18183.37142170962,3180.139195531322,50.736556264352735,88790.93749999999,17.814282652744186,3.115588258656326,0.04970669812315029,14.64898769596471,49.111953722027366,8.58932292468429,0.1370357204657292,40.385595076877344,178.3368777474536,31.189820731277347,0.49760843696124385,146.649448579215
FP16,ResNet50-1,NHWC,224x224x3,7x7x3x64,2,16,forward,140.0,0.011636858496107022,0.0,78354841600.0,1277573140.0,0.0,79632414740.0,0.9839566193720073,0.016043380627992748,0.0,228802560.0,0.0,1638864.0,561347247.0,791788671.0,25337237472.0,132683262.0,4245864384.0,55900626.0,1788820032.0,6843.11962430755,6733.332851491898,109.78677281565274,,3.142900437666151,3.092477689668788,0.05042274799736305,0.0,18.755289273977905,18.45439102936737,0.3008982446105372,0.0,44.516727963386316,43.8025291523569,0.714198811029415,0.0
FP16,ResNet50-2,NHWC,112x112x64,3x3x64x128,1,16,backward,540.0,0.053655955309624984,0.04484742830181862,2364866560.0,591134740.0,3600567429975.1895,3603523431275.1895,0.0006562650708679138,0.0001640435399613354,0.9991796913891707,645501440.0,0.0,1639108.0,2451349577.0,3098490125.0,99151684000.0,2415621105.0,77299875360.0,437786308.0,14009161856.0,67159.80379961248,44.07463340002787,11.017131958397174,80284.81378561415,36.343542397879894,0.023850997427335676,0.005961923349683098,36.313729477102875,46.61745461416213,0.030593407156044864,0.007647292278894044,46.57921391472719,257.226197278307,0.1688085685859321,0.0421962959723263,257.01519241374876
FP16,ResNet50-2,NHWC,112x112x64,3x3x64x128,1,16,forward,140.0,0.013513644158419984,0.00843581797451497,1027604480.0,591134740.0,728401247781.9634,730019987001.9634,0.0014076388294793855,0.0008097514458852893,0.9977826097246353,105745920.0,0.0,1638992.0,457723607.0,565108519.0,18083472608.0,456080258.0,14594568256.0,146682699.0,4693846368.0,54020.95677849471,76.04199636703676,43.743547859492814,86346.25000000001,40.369457947972215,0.05682561653260088,0.03268922694297589,40.27994310449664,50.01997826841116,0.07041006366033059,0.04050374972599669,49.90906445502483,155.5270304496603,0.21892588709456456,0.12593823778085786,155.18216632478487
FP16,ResNet50-2,NHWC,112x112x64,3x3x64x128,2,16,backward,600.0,0.05582015891785821,0.024126935905543535,2416680960.0,1068933140.0,1875958695458.7805,1879444309558.7805,0.0012858486669218422,0.0005687495684567229,0.9981454017646214,306507200.0,22680.0,1639704.0,1030033454.0,1338203038.0,42822497216.0,1009104390.0,32291340480.0,547015204.0,17504486528.0,33669.63380244876,43.29405374062534,19.149589695238625,77753.70659594408,43.889180494979485,0.05643484423176149,0.024961952466438803,43.807783698281284,58.20273428174452,0.07483990828738739,0.03310278000574351,58.09479159345139,107.36929109873863,0.13806065982765628,0.06106623797791185,107.17016420093306
FP16,ResNet50-2,NHWC,112x112x64,3x3x64x128,2,16,forward,140.0,0.027021196529494623,0.0,148103495680.0,1104936980.0,0.0,149208432660.0,0.9925946747090507,0.007405325290949276,0.0,270950400.0,0.0,1635780.0,778947646.0,1051533826.0,33649082432.0,285800833.0,9145626656.0,166233654.0,5319476928.0,5521.9032398189165,5481.011750102911,40.891489716005765,,4.434249669705823,4.401412608480367,0.032837061225456,0.0,16.314730337489955,16.19391445230672,0.12081588518323177,0.0,28.04945574152512,27.84174039752504,0.20771534400007835,0.0
FP16,ResNet50-2,NHWC,112x112x64,3x3x64x128,3,16,backward,520.0,0.04235822147534429,0.010569692060706288,138692862672.0,1723765116.0,912166950853.1062,1052583578641.1062,0.13176422802553464,0.0016376515375865872,0.8665981204368788,377985920.0,8622666.0,1639164.0,627375744.0,1015623494.0,32499951808.0,8.485502273913418e+20,2.7153607276522937e+22,327574296.0,10482377472.0,24849.569740641495,3274.2843736423115,40.694936094126675,86300.23898654181,32.38723505989964,4.267479025549206,0.05303900529402287,28.06671702905641,3.876404221074421e-11,5.10771409704795e-12,6.348199332949662e-14,3.359284612036676e-11,100.41458452080309,13.23105021188842,0.1644440987366115,87.01909021017805
FP16,ResNet50-2,NHWC,112x112x64,3x3x64x128,3,16,forward,120.0,0.006848262762114205,0.0018542770000347377,118620160.0,526909460.0,128434178561.15607,129079708181.15607,0.000918968300064045,0.004082047189481653,0.9949989845104543,13669120.0,0.0,1639628.0,174479051.0,189787799.0,6073209568.0,181304660.0,5801749120.0,117707996.0,3766655872.0,18848.533221483223,17.321204533247116,76.94060206260716,69263.75,21.253952582384535,0.019531708674275738,0.08675963740429911,21.14766123630596,22.24841259271067,0.02044558589944682,0.09081907009450281,22.137147936716723,34.26904728427393,0.0314921681276436,0.13988786815298426,34.09766724799331
FP16,ResNet50-2,NHWC,112x112x64,3x3x64x256,1,16,backward,520.0,0.1385040311381816,0.1272316560538908,5626265600.0,526909460.0,12917521465062.75,12923674640122.75,0.0004353456549062861,4.0770870102545025e-05,0.9995238834749912,1753349120.0,0.0,1639412.0,4771855129.0,6526843661.0,208858997152.0,4239338427.0,135658829664.0,681946431.0,21822285792.0,93309.0144302671,40.62167399580473,3.8042897067329196,101527.57470665434,61.87750978578801,0.026938105021664008,0.0025227999137453216,61.8480488808526,95.26600422642689,0.04147364100025883,0.0038840778835041567,95.22064650754314,592.223691106664,0.2578220106558487,0.024145475181759548,591.9417236208263
FP16,ResNet50-2,NHWC,112x112x64,3x3x64x256,1,16,forward,120.0,0.024543414717020123,0.0195019322188296,2055208960.0,526909460.0,1421264253985.3909,1423846372405.3909,0.0014434204418613012,0.000370060612023655,0.9981865189461151,256901120.0,0.0,1638284.0,1063378755.0,1321918159.0,42301381088.0,765966800.0,24510937600.0,178432290.0,5709833280.0,58013.37706354267,83.73769435492503,21.468465821693673,72878.125,33.65957176299631,0.04858491394700631,0.012456081727068552,33.59853076732223,58.090245083296644,0.08384864722596332,0.021496911648128874,57.98489952442255,249.36741627688835,0.3599420261881972,0.09228105868618286,248.915193192014
FP16,ResNet50-2,NHWC,112x112x64,3x3x64x256,2,16,backward,600.0,0.06864418603964441,0.03624753883151015,2676531200.0,1087938580.0,2607008916394.632,2610773386174.632,0.0010251871013292801,0.0004167112265511768,0.9985581016721196,528944320.0,181440.0,1639228.0,2046727310.0,2577492298.0,82479753536.0,1854210969.0,59334751008.0,655799402.0,20985580864.0,38033.42332104891,38.99137500813558,15.848954482054426,71922.37046804257,31.6535061545147,0.03245076622145546,0.013190371374293046,31.607865016918954,44.00074731623338,0.0451089985974514,0.018335605383316012,43.93730271225261,124.40796388215865,0.12754143987462802,0.051842195222068836,124.22858024706196
FP16,ResNet50-2,NHWC,112x112x64,3x3x64x256,2,16,forward,160.0,0.014040006247030438,0.004737309205350117,513802240.0,559022100.0,373326612745.86926,374399437085.86926,0.0013723371060575563,0.0014931168282493628,0.9971345460656931,52559360.0,0.0,1638316.0,332487924.0,386685600.0,12373939200.0,336768312.0,10776585984.0,199911738.0,6397175616.0,26666.614707885718,36.595584856571755,39.816371172786134,78805.62499999997,30.257093641277084,0.04152293232538269,0.04517737568970761,30.170393333261995,34.74193382224576,0.0476776449204639,0.051873766035920865,34.64238241128938,58.525740039003686,0.08031704471500317,0.08738576733798392,58.3580372269507
FP16,ResNet50-2,NHWC,112x112x64,3x3x64x256,3,16,backward,640.0,0.04036065078490163,0.027025962758115054,3702128640.0,1283194900.0,2457953750535.586,2462939074075.586,0.0015031344782207082,0.0005210014788862048,0.9979758640428931,331894400.0,0.0,1638668.0,1182410729.0,1515943797.0,48510201504.0,1127535202.0,36081126464.0,410646682.0,13140693824.0,61023.2745552492,91.72618795792351,31.793216289763738,90947.87011047512,50.77156964339758,0.07631649684437476,0.026452062869584077,50.66880108368362,68.26114690551547,0.1026056834365691,0.035564158488242036,68.12297706359065,187.4283890229072,0.2817300737376955,0.09765046786619355,187.0490084813033
FP16,ResNet50-2,NHWC,112x112x64,3x3x64x256,3,16,forward,120.0,0.007721831012421714,0.002678912457059117,237240320.0,526909460.0,201236555133.70953,202000704913.70953,0.001174452931247661,0.002608453570620383,0.9962170934981319,27338240.0,0.0,1639476.0,212482132.0,241459848.0,7726715136.0,218697733.0,6998327456.0,122167687.0,3909365984.0,26159.6899218283,30.723324509221147,68.23633658291509,75118.75,26.143154155192804,0.030703904029625664,0.06819320380339178,26.044257047359785,28.864140208318588,0.03389957407560324,0.07529076958927598,28.75494986465371,51.670962949093266,0.06068511389595188,0.13478130780195585,51.47549652739536
FP16,ResNet50-2,NHWC,112x112x64,3x3x64x512,1,16,backward,520.0,0.26016334619917675,0.24368470697687458,9197322240.0,526909460.0,25636900215051.1,25646624446751.1,0.00035861726205317873,2.054498287265826e-05,0.9996208377550742,3468313600.0,0.0,1637492.0,9372510026.0,12842461118.0,410958755776.0,8224939322.0,263198058304.0,1151030862.0,36832987584.0,98578.93058892497,35.35210618393062,2.0253024405544306,105205.20771738054,62.40680867919073,0.02238015886200793,0.0012821468154512344,62.38314637351328,97.44230110211771,0.034944491229402894,0.0020019504072154174,97.4053546604811,696.2949825414603,0.24970340022038437,0.014305368490632183,696.0309737727492
FP16,ResNet50-2,NHWC,112x112x64,3x3x64x512,1,16,forward,120.0,0.04330495882731568,0.0382017779007784,4110417920.0,526909460.0,2796943169005.4907,2801580496385.4907,0.001467178232181131,0.00018807578817735263,0.9983447459796415,513802240.0,0.0,1636560.0,1987487697.0,2502926497.0,80093647904.0,1298581539.0,41554609248.0,243397572.0,7788722304.0,64694.21914375136,94.91795007566782,12.167416255979413,73215.0,34.978810051746635,0.0513201486955212,0.006578667269988152,34.92091123578112,67.41924775818532,0.09891605274083601,0.012679928160444918,67.30765177728404,359.6970577506278,0.5277396933113203,0.06765030764152405,359.10166774967496
FP16,ResNet50-2,NHWC,112x112x64,3x3x64x512,2,16,backward,720.0,0.10025490816709189,0.06544506168640851,4157644800.0,1125949460.0,6612869325041.184,6618152919301.184,0.0006282183036107617,0.00017013046898875373,0.9992016512274005,827954880.0,0.0,1636624.0,2725361700.0,3554953204.0,113758502528.0,2635506246.0,84336199872.0,843328793.0,26986521376.0,66013.25601207378,41.47073570772791,11.230866204808779,101044.58846303647,58.17721552437121,0.036547991645518155,0.009897716961621079,58.130769815764076,78.47345421474748,0.04929846028526544,0.013350725568722481,78.41080502889348,245.23920023226574,0.1540637543487739,0.041722660149942255,245.04341381776703
FP16,ResNet50-2,NHWC,112x112x64,3x3x64x512,2,16,forward,160.0,0.018386125938136415,0.009009350184795886,1027604480.0,591134740.0,736463700012.2743,738082439232.2743,0.0013922624701230878,0.0008009061164154998,0.9978068314134614,100352000.0,0.0,1639872.0,423801390.0,525793262.0,16825384384.0,423941112.0,13566115584.0,273332819.0,8746650208.0,40143.445210573,55.89021218812321,32.15113080313842,81744.37500000001,43.8671962783893,0.06107465104792461,0.03513350580936125,43.770988121532014,54.4063210033958,0.07574787887049747,0.04357435526328477,54.28699876926202,84.3845840041937,0.11748548936598792,0.06758412946013628,84.19951438536758
FP16,ResNet50-2,NHWC,112x112x64,3x3x64x512,3,16,backward,640.0,0.06490784599179546,0.04900596064133148,5697699840.0,1525678100.0,4801168925194.823,4808392303134.823,0.0011849490392631637,0.0003172948469710628,0.9984977561137658,642358400.0,0.0,1638380.0,2124602377.0,2768599157.0,88595173024.0,2017289637.0,64553268384.0,568297517.0,18185520544.0,74080.29383293074,87.78137300566415,23.505295495291126,97971.12151997142,54.27375035242894,0.06431162833731947,0.017220781312619608,54.192217942779,74.48720139980733,0.08826353773610349,0.023634405169454604,74.37530345690178,264.4077353464193,0.3133096919724884,0.08389521192470739,264.0105304425221
FP16,ResNet50-2,NHWC,112x112x64,3x3x64x512,3,16,forward,120.0,0.010050311850629181,0.004945654942382304,474480640.0,526909460.0,377464749339.97327,378466139439.97327,0.0012536937669036972,0.0013922235177489916,0.9973540827153473,54676480.0,0.0,1639596.0,288452577.0,344768653.0,11032596896.0,294246267.0,9415880544.0,131046857.0,4193499424.0,37657.15383411512,47.210539041163784,52.42717517934668,76322.49999999997,34.304356717428035,0.0430071581942805,0.047759332183253914,34.213590227050496,40.194449969009,0.05039153139026909,0.055959658529839564,40.088098779088895,90.2506716166353,0.11314670446464808,0.12564910751732108,90.01187580465333
FP16,ResNet50-2,NHWC,112x112x64,3x3x64x64,1,16,backward,540.0,0.034055993961249115,0.026462341162095438,1849589760.0,559022100.0,1861025735413.4175,1863434347273.4175,0.000992570391710513,0.00029999559727873575,0.9987074340110107,386279680.0,0.0,1639140.0,1351904726.0,1739823546.0,55674353472.0,1336106330.0,42755402560.0,317754806.0,10168153792.0,54716.78052896477,54.310256282772734,16.414793255956287,70327.3275789802,33.470246730580975,0.03322157590802027,0.010040926659007292,33.42698422801394,43.58359963184539,0.04325979055873495,0.013074888003112746,43.52726495328354,183.2618177686801,0.18190025424823944,0.05497773847990202,183.02493977595196
FP16,ResNet50-2,NHWC,112x112x64,3x3x64x64,1,16,forward,140.0,0.010061942185419679,0.005026839872769609,513802240.0,559022100.0,374945702560.04425,376018526900.04425,0.0013664279902266155,0.0014866876496981835,0.9971468843600751,103927040.0,0.0,1637436.0,333129415.0,438693891.0,14038204512.0,336227727.0,10759287264.0,135172193.0,4325510176.0,37370.37243614024,51.063922901935214,55.558071165431116,74588.75000000001,26.785371774475845,0.036600281721269744,0.03982148140968756,26.70895001134489,34.94827470200393,0.04775430076294689,0.05195716837772871,34.84856323286325,86.93044556602247,0.11878419402428426,0.1292384198057658,86.68242295219241
FP16,ResNet50-2,NHWC,112x112x64,3x3x64x64,2,16,backward,580.0,0.05154943679767098,0.020253866925155482,2286755840.0,1051402260.0,1402309521080.412,1405647679180.412,0.0016268342870478993,0.0007479842037039031,0.9976251815092482,263011520.0,22680.0,1639180.0,844892966.0,1109566346.0,35506123072.0,814529643.0,26064948576.0,500755705.0,16024182560.0,27267.95415238988,44.360442752758,20.395998973309883,69236.63151646026,39.588880946816204,0.0644045489101379,0.02961185759053294,39.49486454031553,53.92865729551831,0.08773298874280502,0.04033778378400895,53.8005865229915,87.72039846133731,0.14270655189040732,0.06561347239169248,87.51207843705521
FP16,ResNet50-2,NHWC,112x112x64,3x3x64x64,2,16,forward,140.0,0.011342027555563785,0.00215136042876284,128450560.0,526909460.0,100046327539.07993,100701687559.07993,0.0012755551879370473,0.00523237964300123,0.9934920651690617,24460800.0,0.0,1637612.0,281846683.0,307945095.0,9854243040.0,266956038.0,8542593216.0,152924472.0,4893583104.0,8878.631890616518,11.325184969859212,46.45637276216338,46503.75,10.219119535647248,0.013035050939843676,0.05347031302771684,10.152614171679687,11.788187147957476,0.015036483272949984,0.06168027046086143,11.711470394223666,20.578313562666725,0.02624877462385484,0.10767354897259347,20.444391239070274
FP16,ResNet50-2,NHWC,112x112x64,3x3x64x64,2,32,backward,580.0,0.09568957839052906,0.03488913297504177,4002529280.0,2088222740.0,2581140430014.7754,2587231182034.7754,0.001547031942020789,0.0008071264580066165,0.9976458415999726,508176960.0,22680.0,1638316.0,1639305133.0,2149143089.0,68772578848.0,1582964780.0,50654872960.0,945038869.0,30241243808.0,27037.75296695056,41.828267480339875,21.822885784672692,73981.21449051816,37.62009837893429,0.058199493854175846,0.03036417675444969,37.531534708325665,51.075662238414886,0.07901568094269286,0.041224518352834104,50.95542203911936,85.55306780570814,0.1323533286333009,0.06905214458962111,85.35166233248522
FP16,ResNet50-2,NHWC,112x112x64,3x3x64x64,2,32,forward,140.0,0.021869526340713884,0.003916600173460538,256901120.0,1040711700.0,187800978317.4328,189098591137.4328,0.001358556499309346,0.005503540210109937,0.9931379032905807,48921600.0,0.0,1638384.0,562532758.0,613092742.0,19618967744.0,534784348.0,17113099136.0,301798267.0,9657544544.0,8646.670631608205,11.746990583958574,47.58729950463244,47950.00000000001,9.638559663530929,0.013094527874870846,0.05304620067578618,9.572418934980272,11.049932547847819,0.015011957679808535,0.060813748096083024,10.974106842071928,19.5804006159014,0.026601080515813565,0.10776152211967473,19.446038013265913
FP16,ResNet50-2,NHWC,112x112x64,3x3x64x64,2,64,backward,580.0,0.18552579483466158,0.06479830906191751,7434076160.0,4161863700.0,4978805220541.512,4990401160401.512,0.0014896750623955607,0.0008339737761012282,0.9976763511615032,1005143360.0,22680.0,1638412.0,3228414829.0,4235219281.0,135527016992.0,3122310138.0,99913924416.0,1832475042.0,58639201344.0,26898.69171480386,40.07031025860939,22.432803501577798,76835.41889625628,36.822186979117895,0.054853093685658445,0.030708738319280428,36.73662514711295,49.94700377920857,0.07440480597126384,0.041654491346688895,49.83094448189062,85.10349810403979,0.12677655884821595,0.07097408567324978,84.90574745951832
FP16,ResNet50-2,NHWC,112x112x64,3x3x64x64,2,64,forward,140.0,0.04280912532918995,0.007381509050857199,513802240.0,2068316180.0,363479345993.6789,366061464413.6789,0.001403595543231948,0.005650188236319342,0.9929462162204488,97843200.0,0.0,1638400.0,1126287472.0,1225769072.0,39224610304.0,1070453514.0,34254512448.0,600000072.0,19200002304.0,8551.014803474043,12.00216626826658,48.31484325118159,49241.87500000001,9.332443625994395,0.013098976280909133,0.05273006319170696,9.26661458652178,10.686518016257795,0.014999549060287358,0.0603808383826745,10.611137628814832,19.065698983661896,0.02676053012206972,0.10772478811469209,18.931213665425137
FP16,ResNet50-2,NHWC,112x112x64,3x3x64x64,3,16,backward,540.0,0.031669612302724234,0.00692707373892041,70205901520.0,2159601020.0,469595081579.5195,541960584119.5195,0.1295406042010564,0.003984793513182389,0.8664746022857612,229958000.0,3519581.0,1637856.0,483190704.0,718306141.0,22985796512.0,7.378697629489e+20,2.36118324143648e+22,286638229.0,9172423328.0,17112.95291331684,2216.8222600552913,68.19158376038061,67791.26356646902,23.5780641247991,3.0543166726177273,0.09395371697789787,20.429793735203475,2.2952923543104824e-11,2.973335583954451e-12,9.146266084313545e-14,1.988812529830724e-11,59.08586692298808,7.654018900947089,0.23544497923548083,51.196403042805514
FP16,ResNet50-2,NHWC,112x112x64,3x3x64x64,3,16,forward,140.0,0.006457498243247777,0.0013759949137855895,59637760.0,530636820.0,62403089333.818726,62993363913.818726,0.0009467308347207885,0.008423693973955173,0.990629575191324,12062960.0,0.0,1641588.0,159469994.0,173174542.0,5541585344.0,166524469.0,5328783008.0,115597846.0,3699131072.0,9755.072559204666,9.235427986737692,82.1737459324678,45351.25000000001,11.367390377200104,0.010761858980403714,0.09575541782001652,11.260873100399683,11.821341536941548,0.011191628540788201,0.09957936346880049,11.71057054493196,17.02923272728486,0.016122099714556967,0.14344904510590967,16.869661582464392
FP16,ResNet50-2,NHWC,112x112x64,7x7x64x64,1,16,backward,540.0,0.12087684563989891,0.11286811319935869,3219292160.0,559022100.0,9728961773305.695,9732740087565.695,0.0003307693548821762,5.7437278194060953e-05,0.9996117933669237,1966209280.0,0.0,1637844.0,6275943123.0,8243790247.0,263801287904.0,5989171266.0,191653480512.0,356998269.0,11423944608.0,80517.81990208654,26.632827345532412,4.624724421295443,86197.61150894276,36.894209899034074,0.0122034740071911,0.0021191029977208975,36.87988732202916,50.783007235583696,0.016797462542290906,0.002916837714121231,50.763292935327286,851.9596708084542,0.2818021506989436,0.048934244622345774,851.6289344131329
FP16,ResNet50-2,NHWC,112x112x64,7x7x64x64,1,16,forward,140.0,0.027198927408565676,0.022037006029116225,513802240.0,559022100.0,1935703063340.0322,1936775887680.0322,0.0002652874001934515,0.00028863540875120295,0.9994460771910554,525405440.0,0.0,1638200.0,1117165900.0,1644209540.0,52614705280.0,1109259413.0,35496301216.0,139508653.0,4464276896.0,71207.80384413576,18.890533155296037,20.553093568827602,87838.74999999997,36.81054331432781,0.009765373335566463,0.010624826215884868,36.79015311477636,54.562752211687574,0.014474810681638093,0.015748742287211043,54.532528658718725,433.83865580008865,0.11509192910062718,0.12522119774893103,433.59834267323913
FP16,ResNet50-2,NHWC,112x112x64,7x7x64x64,2,16,backward,720.0,0.07108819564540442,0.03866646362490919,3410862080.0,1065984020.0,3124434358796.385,3128911204896.385,0.001090111497783125,0.0003406884856086226,0.9985692000166082,483189760.0,0.0,1639124.0,2006908539.0,2491737423.0,79735597536.0,1949081351.0,62370603232.0,621360766.0,19883544512.0,44014.49743504156,47.98070972308466,14.995232475968912,80804.76117768379,39.24108304930813,0.042777155817513283,0.013368985157710978,39.18493690833291,50.16644128416989,0.054687014446735634,0.017091128909477723,50.09466314081368,157.36184275434607,0.17154195409885278,0.05361136790056036,157.13668943234666
FP16,ResNet50-2,NHWC,112x112x64,7x7x64x64,2,16,forward,160.0,0.01966347394327589,0.01031237804378529,128450560.0,534937620.0,707719169436.1523,708382557616.1523,0.00018132936591812987,0.0007551535737979928,0.9990635170602838,131351360.0,0.0,1638756.0,419222393.0,552212509.0,17670800288.0,424951149.0,13598436768.0,295832788.0,9466649216.0,36025.30049673092,6.532444896082307,27.20463441725296,68628.125,40.08774622942263,0.007269085604868107,0.030272404830655512,40.050204738987105,52.09294051233348,0.009445979871912289,0.03933817019753487,52.04415636226403,74.82928134897867,0.013568746139119644,0.05650759923541673,74.75920500360414
FP16,ResNet50-2,NHWC,112x112x64,7x7x64x64,3,16,backward,620.0,0.034502880027989936,0.023085780181440106,2304081920.0,1052467220.0,1696442449395.5425,1699798998535.5425,0.001355502575295712,0.0006191715731723284,0.9980253258515319,261600560.0,0.0,1638472.0,1050474466.0,1313713498.0,42038831936.0,1015238854.0,32487643328.0,354034936.0,11329117952.0,49265.42355758726,66.77940850534357,30.503749807152385,73484.30228749225,40.43402064841668,0.0548084191184888,0.02503559617456256,40.35417663312363,52.321400520626355,0.07092179314878742,0.0323959238709357,52.21808280360663,150.0380705485961,0.20337699102102172,0.09289930817731502,149.74179424939774
FP16,ResNet50-2,NHWC,112x112x64,7x7x64x64,3,16,forward,140.0,0.010462346104838087,0.0053171846444414516,59637760.0,530636820.0,298191038100.67944,298781312680.67944,0.00019960338036180148,0.001776004045363823,0.9980243925742743,60984560.0,0.0,1636764.0,251984707.0,314606031.0,10067392992.0,259234165.0,8295493280.0,179458720.0,5742679040.0,28557.773723669347,5.700228170851832,50.71872165982145,56080.62500000001,29.67812152740083,0.005923853379657557,0.05270846389146303,29.619489210129707,36.01730513133264,0.007189175855736454,0.06396687961634995,35.94614907586055,52.02821028296219,0.010385006646653894,0.0924023119355805,51.925422964379955
FP16,ResNet50-2,NHWC,112x112x64,9x9x64x64,1,16,backward,460.0,0.7568643060468309,0.10547561685244392,5329943592960.0,80524738580.0,9556355118273.96,14966823449813.963,0.3561172222570883,0.0053802157050901085,0.6385025620378215,13931503600.0,317520.0,1637588.0,10678806112.0,24612264820.0,787592474240.0,12762312899.0,408394012768.0,350023224.0,11200743168.0,19774.777764308907,7042.1389281769225,106.39256989220145,90602.50514242463,19.003258587833052,6.767387662132266,0.10224163030214788,12.133629295398638,36.647999191693096,13.050983673425762,0.1971741408112768,23.39984137745605,1336.234857395309,475.85624569871396,7.189231765447084,853.1893799311479
FP16,ResNet50-2,NHWC,112x112x64,9x9x64x64,1,16,forward,140.0,0.04072181380495482,0.03550119631697743,513802240.0,559022100.0,3192045690345.6294,3193118514685.6294,0.00016090922953123935,0.00017507088992437135,0.9996640198805444,862588160.0,0.0,1636392.0,1733721668.0,2597946220.0,83134279040.0,1718697059.0,54998305888.0,136547323.0,4369514336.0,78412.97369463212,12.617371182456592,13.727829086335568,89913.75000000001,38.40916829445604,0.006180389677196628,0.006724327274565368,38.39626357750428,58.05848858668811,0.009342146666232237,0.010164351264535444,58.03898208875734,730.771950643997,0.11758795154116643,0.12793689573101336,730.5264257967249
FP16,ResNet50-2,NHWC,112x112x64,9x9x64x64,2,16,backward,640.0,0.24145353269310768,0.04040167751841581,1334068078864.0,21566309532.0,3505702672173.3125,4861337060569.3125,0.2744241064222292,0.004436291757452087,0.7211396018203187,3422318080.0,26705179.0,1637960.0,2987719021.0,6438380240.0,206028167680.0,7.378697629519476e+20,2.3611832414462324e+22,739331027.0,23658592864.0,20133.63402203011,5525.154525527806,89.31867465948909,86771.21564012658,23.59549723375627,6.475173243961745,0.10467650989109646,17.015647479903425,2.0588563289953422e-10,5.64999808336298e-11,9.133687362100099e-13,1.484722833296944e-10,205.47870655344622,56.38831043472493,0.9115634922149696,148.1788326265063
FP16,ResNet50-2,NHWC,112x112x64,9x9x64x64,2,16,forward,160.0,0.026009793405965077,0.016597426851328975,128450560.0,534937620.0,1165139364963.2937,1165802753143.2937,0.00011018206952562549,0.00045885774292235576,0.9994309601875521,215647040.0,0.0,1638916.0,576321971.0,793607927.0,25395453664.0,580432986.0,18573855552.0,394964418.0,12638861376.0,44821.68446889427,4.938545954407357,20.566776969374835,70199.99999999999,45.90596287696598,0.005058013993350648,0.021064306512402063,45.87984055646023,62.76579194230689,0.006915664851618202,0.028800569623381123,62.730075707831894,92.2395395013227,0.010163143354346416,0.042324826903774405,92.18705153106457
FP16,ResNet50-2,NHWC,112x112x64,9x9x64x64,3,16,backward,540.0,0.1171084717704707,0.023967402374395784,617192799760.0,10360045340.0,2026415012048.8696,2653967857148.8696,0.23255473803026533,0.003903606184262416,0.7635416557854723,1658778000.0,27160883.0,1639356.0,1637119001.0,3324697240.0,106390311680.0,7.747632510977358e+20,2.4792424035127545e+22,408661726.0,13077175232.0,22662.475370275275,5270.266022851706,88.46537900610124,84548.79591847947,24.945578363671448,5.801212441377068,0.09737771397043059,19.04698820832395,1.070475340930178e-10,2.489441124778765e-11,4.178714160955461e-13,8.173525142913459e-11,202.94656988724748,47.196186394269766,0.7922234852867038,154.958160007691
FP16,ResNet50-2,NHWC,112x112x64,9x9x64x64,3,16,forward,140.0,0.01365915547862202,0.008445207272727273,59637760.0,530636820.0,489822021818.1818,490412296398.1818,0.0001216073912461162,0.0010820218495687119,0.9987963707591851,100121840.0,0.0,1638204.0,324294383.0,426054427.0,13633741664.0,331339131.0,10602852192.0,225808939.0,7225886048.0,35903.55913041091,4.366138162299947,38.848435456386824,57999.99999999999,35.97048473443789,0.004374276810413239,0.0389208504222396,35.927189607205236,46.25286550426542,0.005624690311631197,0.05004661108077814,46.197194202873014,67.86881126279586,0.008253349084643632,0.07343553669060018,67.78712237702061
FP16,VGG-1,NHWC,224x224x3,3x3x3x64,1,16,backward,360.0,0.3721847520573728,0.0,1513784832000.0,23413488660.0,0.0,1537198320660.0,0.9847687261003855,0.015231273899614565,0.0,3371874240.0,15680.0,1638404.0,19805854198.0,23179382522.0,741740240704.0,3545475741.0,113455223712.0,696636879.0,22292380128.0,4130.2023045346,4067.2940619734145,62.90824256118579,,2.0724213630381105,2.0408557456222645,0.03156561741584602,0.0,13.548942660957556,13.342575004238338,0.20636765671921714,0.0,68.95622234295323,67.90593123336498,1.0502911095882421,0.0
FP16,VGG-1,NHWC,224x224x3,3x3x3x64,1,16,forward,120.0,0.014350701806195668,0.0,66794291200.0,971333140.0,0.0,67765624340.0,0.9856662850898188,0.014333714910181258,0.0,192675840.0,0.0,1639268.0,459612558.0,653927666.0,20925685312.0,342196971.0,10950303072.0,124580338.0,3986570816.0,4722.112218284918,4654.426807974138,67.68541031077962,,3.2383945055858825,3.191976281976117,0.04641822360976543,0.0,6.188470208945829,6.09976644124065,0.08870376770517936,0.0,16.99847499711391,16.754823702597434,0.243651294516475,0.0
FP16,VGG-2,NHWC,224x224x64,3x3x64x128,2,16,backward,600.0,0.18894048671714123,0.06777957946085164,7860428800.0,4209090580.0,4864146126837.271,4876215646217.271,0.0016119936791757219,0.000863187948479105,0.9975248183723452,1060778560.0,182880.0,1638344.0,4736539781.0,5799139565.0,185572466080.0,4413603326.0,141235306432.0,2035067447.0,65122158304.0,25808.209404675395,41.602670431180165,22.2773353299409,71764.18274543474,26.276611769092632,0.04235773208193171,0.022681654605944977,26.211572382404757,34.525472202412814,0.055654842960846544,0.029801971520673085,34.44001538793129,74.87797968019373,0.12070282995392044,0.06463376966640653,74.6926430805734
FP16,VGG-2,NHWC,224x224x64,3x3x64x128,2,16,forward,160.0,0.04490052666998397,0.009417254015481522,1027604480.0,2132541460.0,730684739061.2114,733844885001.2114,0.00140030202703982,0.0029059839532661995,0.995693714019694,100352000.0,0.0,1638380.0,925264685.0,1027255065.0,32872162080.0,948818911.0,30362205152.0,655222304.0,20967113728.0,16343.792365620227,22.88624557909594,47.494798350007,77590.00000000001,22.3242049979942,0.03126062951074376,0.06487378149359624,22.228070586989862,24.169683372054816,0.03384485661879899,0.07023671203471618,24.0656018034013,34.99980467131329,0.04901029742723777,0.1017088707422878,34.84908550314376
FP16,VGG-3,NHWC,112x112x128,3x3x128x256,2,16,backward,600.0,0.1286095939856544,0.0667686438121298,4832706560.0,2130657300.0,4910967440274.638,4917930804134.638,0.000982670711010617,0.00043324263493270355,0.9985840866540566,1050487680.0,362880.0,1638488.0,4057868747.0,5110357795.0,163531449440.0,3601558655.0,115249876960.0,1225735863.0,39223547616.0,38239.221909706066,37.57656338250362,16.566861257937422,73552.00225562268,30.073302847713315,0.029552153891800055,0.013029036966872493,30.03072165685464,42.67189635127779,0.041932422727681495,0.018487284812802807,42.6114766437373,125.3821008818826,0.12320931822160448,0.05432087175946487,125.20457069190152
FP16,VGG-3,NHWC,112x112x128,3x3x128x256,2,16,forward,160.0,0.026461694446523923,0.0083786372317025,513802240.0,1072824340.0,722898347054.7521,724484973634.7521,0.0007091965447154085,0.0014808096496710264,0.9978099938056135,97717760.0,0.0,1638396.0,649228954.0,748585110.0,23954723520.0,658900062.0,21084801984.0,381809678.0,12217909696.0,27378.631217243244,19.416830658306328,40.54254130127819,86278.75,30.24392967966729,0.02144889042743583,0.04478550291362327,30.17769528632623,34.360530119491784,0.024368369235333295,0.050881404568755374,34.285280345687696,59.29696581993399,0.04205320327160487,0.08780751918237127,59.16710509748001
FP32,ResNet50-1,NHWC,224x224x3,7x7x3x64,2,16,backward,660.0,0.09558735423316835,0.0,474431232020.0,0.0,0.0,474431232020.0,1.0,0.0,0.0,1015716480.0,377239300.0,1642124.0,1885780759.0,3280378663.0,104972117216.0,3096570531.0,99090256992.0,865261795.0,27688377440.0,4963.326329366847,4963.326329366847,0.0,,4.5195928652536175,4.5195928652536175,0.0,0.0,4.78786962938549,4.78786962938549,0.0,0.0,17.134670785533757,17.134670785533757,0.0,0.0
FP32,ResNet50-1,NHWC,224x224x3,7x7x3x64,2,16,forward,200.0,0.01301437172916966,0.0,78769356820.0,0.0,0.0,78769356820.0,1.0,0.0,0.0,145046400.0,0.0,1641368.0,389694425.0,536382193.0,17164230176.0,206402772.0,6604888704.0,161008654.0,5152276928.0,6052.490159279138,6052.490159279138,0.0,,4.589157568519431,4.589157568519431,0.0,0.0,11.925917354564405,11.925917354564405,0.0,0.0,15.288261465902323,15.288261465902323,0.0,0.0
FP32,ResNet50-2,NHWC,112x112x64,3x3x64x128,1,16,backward,820.0,0.2310832781783707,0.0,1093602672660.0,0.0,0.0,1093602672660.0,1.0,0.0,0.0,1981582080.0,0.0,1638400.0,4621325107.0,6604545587.0,211345458784.0,4559638579.0,145908434528.0,3955236578.0,126567570496.0,4732.504581382387,4732.504581382387,0.0,,5.174479162940934,5.174479162940934,0.0,0.0,7.495129916222467,7.495129916222467,0.0,0.0,8.64046507627767,8.64046507627767,0.0,0.0
FP32,ResNet50-2,NHWC,112x112x64,3x3x64x128,1,16,forward,220.0,0.04602486637788949,0.0,162516336660.0,0.0,0.0,162516336660.0,1.0,0.0,0.0,330563840.0,0.0,1638400.0,1003363078.0,1335565318.0,42738090176.0,991201930.0,31718461760.0,894027966.0,28608894912.0,3531.055045888703,3531.055045888703,0.0,,3.802611113195289,3.802611113195289,0.0,0.0,5.123714317853477,5.123714317853477,0.0,0.0,5.680622658089199,5.680622658089199,0.0,0.0
FP32,ResNet50-2,NHWC,112x112x64,3x3x64x128,2,16,backward,680.0,0.15262136047068556,0.0,748442091540.0,0.0,0.0,748442091540.0,1.0,0.0,0.0,1424625280.0,568946600.0,1638404.0,2008913820.0,4004124104.0,128131971328.0,4742983661.0,151775477152.0,1469620070.0,47027842240.0,4903.914427389444,4903.914427389444,0.0,,5.841181430230964,5.841181430230964,0.0,0.0,4.931245189171441,4.931245189171441,0.0,0.0,15.91487203942785,15.91487203942785,0.0,0.0
FP32,ResNet50-2,NHWC,112x112x64,3x3x64x128,2,16,forward,180.0,0.03136805429909479,0.0,148887306260.0,0.0,0.0,148887306260.0,1.0,0.0,0.0,295342720.0,0.0,1638400.0,560884518.0,857865638.0,27451700416.0,575723452.0,18423150464.0,398471946.0,12751102272.0,4746.462909058932,4746.462909058932,0.0,,5.423609612657081,5.423609612657081,0.0,0.0,8.081533424532097,8.081533424532097,0.0,0.0,11.676426326447082,11.676426326447082,0.0,0.0
FP32,ResNet50-2,NHWC,112x112x64,3x3x64x128,3,16,backward,580.0,0.07686302165281607,0.0,351488573460.0,0.0,0.0,351488573460.0,1.0,0.0,0.0,631331840.0,308766320.0,1638400.0,1108851837.0,2050588397.0,65618828704.0,2326554381.0,74449740192.0,962239383.0,30791660256.0,4572.921619548668,4572.921619548668,0.0,,5.356520078185637,5.356520078185637,0.0,0.0,4.721152452023858,4.721152452023858,0.0,0.0,11.415057536285646,11.415057536285646,0.0,0.0
FP32,ResNet50-2,NHWC,112x112x64,3x3x64x128,3,16,forward,160.0,0.01896559086657263,0.0,68979425300.0,0.0,0.0,68979425300.0,1.0,0.0,0.0,219407360.0,0.0,1638400.0,685016732.0,906062492.0,28993999744.0,516142081.0,16516546592.0,391119462.0,12515822784.0,3637.0828510056135,3637.0828510056135,0.0,,2.379093119578114,2.379093119578114,0.0,0.0,4.176383054155586,4.176383054155586,0.0,0.0,5.5113775970191945,5.5113775970191945,0.0,0.0
FP32,ResNet50-2,NHWC,112x112x64,3x3x64x256,1,16,backward,820.0,0.38040981167355353,0.0,2164777615380.0,0.0,0.0,2164777615380.0,1.0,0.0,0.0,3718744320.0,0.0,1638404.0,7937468599.0,11657851323.0,373051242336.0,7842527903.0,250960892896.0,6561713065.0,209974818080.0,5690.646110983308,5690.646110983308,0.0,,5.802896143233392,5.802896143233392,0.0,0.0,8.625955982221898,8.625955982221898,0.0,0.0,10.309701111660084,10.309701111660084,0.0,0.0
FP32,ResNet50-2,NHWC,112x112x64,3x3x64x256,1,16,forward,220.0,0.07040853298543037,0.0,320395345940.0,0.0,0.0,320395345940.0,1.0,0.0,0.0,625000960.0,0.0,1638400.0,1627840771.0,2254480131.0,72143364192.0,1611399383.0,51564780256.0,1416189449.0,45318062368.0,4550.518699293158,4550.518699293158,0.0,,4.441092393297743,4.441092393297743,0.0,0.0,6.213453142810965,6.213453142810965,0.0,0.0,7.0699259676697395,7.0699259676697395,0.0,0.0
FP32,ResNet50-2,NHWC,112x112x64,3x3x64x256,2,16,backward,680.0,0.22009362155190185,0.0,1494944317460.0,0.0,0.0,1494944317460.0,1.0,0.0,0.0,2442904960.0,610232040.0,1638400.0,2619428349.0,5674203749.0,181574519968.0,6182151967.0,197828862944.0,1837046378.0,58785484096.0,6792.310958032314,6792.310958032314,0.0,,8.233227424880226,8.233227424880226,0.0,0.0,7.556755345063972,7.556755345063972,0.0,0.0,25.43050109136929,25.43050109136929,0.0,0.0
FP32,ResNet50-2,NHWC,112x112x64,3x3x64x256,2,16,forward,200.0,0.0404132483618731,0.0,297247703060.0,0.0,0.0,297247703060.0,1.0,0.0,0.0,449257600.0,0.0,1638400.0,1185030679.0,1635926679.0,52349653728.0,704430684.0,22541781888.0,537372485.0,17195919520.0,7355.204422033819,7355.204422033819,0.0,,5.678121666371455,5.678121666371455,0.0,0.0,13.186522012185659,13.186522012185659,0.0,0.0,17.285944070294182,17.285944070294182,0.0,0.0
FP32,ResNet50-2,NHWC,112x112x64,3x3x64x256,3,16,backward,560.0,0.116836915151542,0.0,701183098900.0,0.0,0.0,701183098900.0,1.0,0.0,0.0,1089018880.0,326463900.0,1638400.0,1238019992.0,2655141172.0,84964517504.0,3059134083.0,97892290656.0,1138056609.0,36417811488.0,6001.3831928936015,6001.3831928936015,0.0,,8.252657927081025,8.252657927081025,0.0,0.0,7.162802036822327,7.162802036822327,0.0,0.0,19.253850526714,19.253850526714,0.0,0.0
FP32,ResNet50-2,NHWC,112x112x64,3x3x64x256,3,16,forward,180.0,0.023251975408775147,0.0,137671475220.0,0.0,0.0,137671475220.0,1.0,0.0,0.0,216279040.0,0.0,1638444.0,746393042.0,964310526.0,30857936832.0,477768556.0,15288593792.0,400527316.0,12816874112.0,5920.850714818994,5920.850714818994,0.0,,4.461460789472913,4.461460789472913,0.0,0.0,9.004848784198765,9.004848784198765,0.0,0.0,10.741423690126044,10.741423690126044,0.0,0.0
FP32,ResNet50-2,NHWC,112x112x64,3x3x64x512,1,16,backward,820.0,0.7609494256690336,0.0,4307127500820.0,0.0,0.0,4307127500820.0,1.0,0.0,0.0,7193068800.0,0.0,1638412.0,14568771382.0,21763478594.0,696431315008.0,14415182407.0,461285837024.0,11859631215.0,379508198880.0,5660.202052236435,5660.202052236435,0.0,,6.184568970409557,6.184568970409557,0.0,0.0,9.337220341746384,9.337220341746384,0.0,0.0,11.349234386848934,11.349234386848934,0.0,0.0
FP32,ResNet50-2,NHWC,112x112x64,3x3x64x512,1,16,forward,220.0,0.1328592691131466,0.0,636153364500.0,0.0,0.0,636153364500.0,1.0,0.0,0.0,1213875200.0,0.0,1638440.0,2876241525.0,4091755165.0,130936165280.0,2866693459.0,91734190688.0,2466701754.0,78934456128.0,4788.1745003296255,4788.1745003296255,0.0,,4.858500041906833,4.858500041906833,0.0,0.0,6.934746572994151,6.934746572994151,0.0,0.0,8.059260755131,8.059260755131,0.0,0.0
FP32,ResNet50-2,NHWC,112x112x64,3x3x64x512,2,16,backward,680.0,0.3659642118776609,0.0,2987948769300.0,0.0,0.0,2987948769300.0,1.0,0.0,0.0,4804604800.0,692806740.0,1638672.0,4329539010.0,9828589222.0,314514855104.0,9134061122.0,292289955904.0,2625828717.0,84026518944.0,8164.592799852377,8164.592799852377,0.0,,9.500183284862588,9.500183284862588,0.0,0.0,10.222550275663133,10.222550275663133,0.0,0.0,35.559592457844616,35.559592457844616,0.0,0.0
FP32,ResNet50-2,NHWC,112x112x64,3x3x64x512,2,16,forward,200.0,0.06654650855490227,0.0,593711595540.0,0.0,0.0,593711595540.0,1.0,0.0,0.0,882151040.0,0.0,1638428.0,2068073414.0,2951862882.0,94459612224.0,1104263005.0,35336416160.0,776237292.0,24839593344.0,8921.754250265067,8921.754250265067,0.0,,6.2853486433131005,6.2853486433131005,0.0,0.0,16.801692419846123,16.801692419846123,0.0,0.0,23.901824289865477,23.901824289865477,0.0,0.0
FP32,ResNet50-2,NHWC,112x112x64,3x3x64x512,3,16,backward,580.0,0.18113873938815606,0.0,1402061455380.0,0.0,0.0,1402061455380.0,1.0,0.0,0.0,1984225280.0,361851340.0,1638488.0,2354551766.0,4702266874.0,150472539968.0,4471375548.0,143084017536.0,1602430574.0,51277778368.0,7740.262851093217,7740.262851093217,0.0,,9.31772305882633,9.31772305882633,0.0,0.0,9.798868381838949,9.798868381838949,0.0,0.0,27.3424766049334,27.3424766049334,0.0,0.0
FP32,ResNet50-2,NHWC,112x112x64,3x3x64x512,3,16,forward,180.0,0.03494388932449534,0.0,274559139860.0,0.0,0.0,274559139860.0,1.0,0.0,0.0,416501760.0,0.0,1638400.0,1263533949.0,1681674109.0,53813571488.0,729912271.0,23357192672.0,573814885.0,18362076320.0,7857.143127669438,7857.143127669438,0.0,,5.102042705365217,5.102042705365217,0.0,0.0,11.754800489749542,11.754800489749542,0.0,0.0,14.952510548109954,14.952510548109954,0.0,0.0
FP32,ResNet50-2,NHWC,112x112x64,3x3x64x64,1,16,backward,740.0,0.1621973782574348,0.0,671176376340.0,0.0,0.0,671176376340.0,1.0,0.0,0.0,1583212800.0,0.0,1638428.0,2999829584.0,4584680812.0,146709785984.0,2968520036.0,94992641152.0,2221049157.0,71073573024.0,4138.022349995874,4138.022349995874,0.0,,4.574857579120167,4.574857579120167,0.0,0.0,7.065561797213688,7.065561797213688,0.0,0.0,9.443402769597053,9.443402769597053,0.0,0.0
FP32,ResNet50-2,NHWC,112x112x64,3x3x64x64,1,16,forward,180.0,0.02734412008067747,0.0,140157419540.0,0.0,0.0,140157419540.0,1.0,0.0,0.0,423531520.0,0.0,1638572.0,730153871.0,1155323963.0,36970366816.0,725932170.0,23229829440.0,427885980.0,13692351360.0,5125.687684462783,5125.687684462783,0.0,,3.7910746257281605,3.7910746257281605,0.0,0.0,6.033510487109284,6.033510487109284,0.0,0.0,10.236183388446147,10.236183388446147,0.0,0.0
FP32,ResNet50-2,NHWC,112x112x64,3x3x64x64,2,16,backward,680.0,0.12181233056546098,0.0,375190978580.0,0.0,0.0,375190978580.0,1.0,0.0,0.0,807105280.0,548300000.0,1638400.0,2196591384.0,3553635064.0,113716322048.0,4153243999.0,132903807968.0,1362510735.0,43600343520.0,3080.073887744684,3080.073887744684,0.0,,3.299359070210086,3.299359070210086,0.0,0.0,2.8230265506789456,2.8230265506789456,0.0,0.0,8.60522987411545,8.60522987411545,0.0,0.0
FP32,ResNet50-2,NHWC,112x112x64,3x3x64x64,2,16,forward,180.0,0.02436695125795378,0.0,74835558420.0,0.0,0.0,74835558420.0,1.0,0.0,0.0,237138560.0,0.0,1638512.0,675398890.0,914175962.0,29253630784.0,555246000.0,17767872000.0,410841315.0,13146922080.0,3071.1908776676532,3071.1908776676532,0.0,,2.558163086577636,2.558163086577636,0.0,0.0,4.211847002274667,4.211847002274667,0.0,0.0,5.69224933141157,5.69224933141157,0.0,0.0
FP32,ResNet50-2,NHWC,112x112x64,3x3x64x64,2,32,backward,680.0,0.23441543178260435,0.0,750368849940.0,0.0,0.0,750368849940.0,1.0,0.0,0.0,1614210560.0,1096611820.0,1638400.0,4388458717.0,7100919497.0,227229423904.0,8299500397.0,265584012704.0,2747981041.0,87935393312.0,3201.0215549114882,3201.0215549114882,0.0,,3.302252133759826,3.302252133759826,0.0,0.0,2.8253539898740243,2.8253539898740243,0.0,0.0,8.533183530295323,8.533183530295323,0.0,0.0
FP32,ResNet50-2,NHWC,112x112x64,3x3x64x64,2,32,forward,200.0,0.04289691420777236,0.0,149786460180.0,0.0,0.0,149786460180.0,1.0,0.0,0.0,249175040.0,0.0,1638400.0,1045493851.0,1296307291.0,41481833312.0,801388329.0,25644426528.0,714759919.0,22872317408.0,3491.777041455831,3491.777041455831,0.0,,3.6108929673720396,3.6108929673720396,0.0,0.0,5.840897241997394,5.840897241997394,0.0,0.0,6.54880996569283,6.54880996569283,0.0,0.0
FP32,ResNet50-2,NHWC,112x112x64,3x3x64x64,2,64,backward,680.0,0.4734084776185071,0.0,1500724592660.0,0.0,0.0,1500724592660.0,1.0,0.0,0.0,3228421120.0,2193223160.0,1638400.0,8772437013.0,14195719693.0,454263030176.0,16596376957.0,531084062624.0,5538430363.0,177229771616.0,3170.0416524212487,3170.0416524212487,0.0,,3.303646770635414,3.303646770635414,0.0,0.0,2.825775989671322,2.825775989671322,0.0,0.0,8.46767774384762,8.46767774384762,0.0,0.0
FP32,ResNet50-2,NHWC,112x112x64,3x3x64x64,2,64,forward,200.0,0.0858294294645221,0.0,299559813140.0,0.0,0.0,299559813140.0,1.0,0.0,0.0,498350080.0,0.0,1638400.0,2088786545.0,2588775025.0,82840800800.0,1606154991.0,51396959712.0,1428300353.0,45705611296.0,3490.175980533858,3490.175980533858,0.0,,3.616090262855112,3.616090262855112,0.0,0.0,5.8283566735963905,5.8283566735963905,0.0,0.0,6.554114574684979,6.554114574684979,0.0,0.0
FP32,ResNet50-2,NHWC,112x112x64,3x3x64x64,3,16,backward,560.0,0.06258099321894597,0.0,176268984340.0,0.0,0.0,176268984340.0,1.0,0.0,0.0,432448000.0,299933100.0,1638432.0,1250418374.0,1984437906.0,63502012992.0,2147812115.0,68729987680.0,936663526.0,29973232832.0,2816.653671879336,2816.653671879336,0.0,,2.7758015224211303,2.7758015224211303,0.0,0.0,2.5646590417081243,2.5646590417081243,0.0,0.0,5.880879961397151,5.880879961397151,0.0,0.0
FP32,ResNet50-2,NHWC,112x112x64,3x3x64x64,3,16,forward,160.0,0.014687741635873056,0.0,34881617940.0,0.0,0.0,34881617940.0,1.0,0.0,0.0,117731840.0,0.0,1638400.0,457067414.0,576437654.0,18446004928.0,367087133.0,11746788256.0,308367076.0,9867746432.0,2374.8795972013704,2374.8795972013704,0.0,,1.8910120688004188,1.8910120688004188,0.0,0.0,2.9694600072648147,2.9694600072648147,0.0,0.0,3.534912270027816,3.534912270027816,0.0,0.0
FP32,ResNet50-2,NHWC,112x112x64,7x7x64x64,1,16,backward,1280.0,0.39220510225649396,0.0,809316024340.0,0.0,0.0,809316024340.0,1.0,0.0,0.0,2541404160.0,0.0,1638400.0,10411351033.0,12954393593.0,414540594976.0,9316551923.0,298129661536.0,7992656148.0,255764996736.0,2063.5020291263936,2063.5020291263936,0.0,,1.952320313495125,1.952320313495125,0.0,0.0,2.7146444274290125,2.7146444274290125,0.0,0.0,3.164295484793699,3.164295484793699,0.0,0.0
FP32,ResNet50-2,NHWC,112x112x64,7x7x64x64,1,16,forward,280.0,0.07679286668855913,0.0,159020482580.0,0.0,0.0,159020482580.0,1.0,0.0,0.0,401981440.0,0.0,1638400.0,2287103380.0,2690723220.0,86103143040.0,1991306651.0,63721812832.0,1600780516.0,51224976512.0,2070.771536956979,2070.771536956979,0.0,,1.8468603696165375,1.8468603696165375,0.0,0.0,2.4955423506115735,2.4955423506115735,0.0,0.0,3.1043544264534266,3.1043544264534266,0.0,0.0
FP32,ResNet50-2,NHWC,112x112x64,7x7x64x64,2,16,backward,680.0,0.35789744639117377,0.0,2038524149780.0,0.0,0.0,2038524149780.0,1.0,0.0,0.0,3922679680.0,1965662280.0,1638400.0,5418863675.0,11308844035.0,361883009120.0,12939666695.0,414069334240.0,1295525250.0,41456808000.0,5695.8331788485,5695.8331788485,0.0,,5.633102683480859,5.633102683480859,0.0,0.0,4.923146877132526,4.923146877132526,0.0,0.0,49.17224089659773,49.17224089659773,0.0,0.0
FP32,ResNet50-2,NHWC,112x112x64,7x7x64x64,2,16,forward,200.0,0.05295365661787409,0.0,403733217300.0,0.0,0.0,403733217300.0,1.0,0.0,0.0,566293120.0,0.0,1638400.0,1393438173.0,1961369693.0,62763830176.0,575757153.0,18424228896.0,360523228.0,11536743296.0,7624.274565464532,7624.274565464532,0.0,,6.4325777468944505,6.4325777468944505,0.0,0.0,21.913167686906704,21.913167686906704,0.0,0.0,34.99542348662484,34.99542348662484,0.0,0.0
FP32,ResNet50-2,NHWC,112x112x64,7x7x64x64,3,16,backward,580.0,0.17063465005479225,0.0,1079970037780.0,0.0,0.0,1079970037780.0,1.0,0.0,0.0,2692835840.0,48168960.0,1638400.0,3007927029.0,5750570229.0,184018247328.0,2716631548.0,86932209536.0,907380381.0,29036172192.0,6329.136769309236,6329.136769309236,0.0,,5.868820366792359,5.868820366792359,0.0,0.0,12.4231288212313,12.4231288212313,0.0,0.0,37.19395348115312,37.19395348115312,0.0,0.0
FP32,ResNet50-2,NHWC,112x112x64,7x7x64x64,3,16,forward,180.0,0.02967767752816132,0.0,186839531540.0,0.0,0.0,186839531540.0,1.0,0.0,0.0,269990400.0,0.0,1638400.0,881950154.0,1153578954.0,36914526528.0,358975435.0,11487213920.0,274219730.0,8775031360.0,6295.625099460929,6295.625099460929,0.0,,5.061409399312776,5.061409399312776,0.0,0.0,16.264999750261463,16.264999750261463,0.0,0.0,21.292178212796724,21.292178212796724,0.0,0.0
FP32,ResNet50-2,NHWC,112x112x64,9x9x64x64,1,16,backward,1280.0,0.3922573582760657,0.0,809321267220.0,0.0,0.0,809321267220.0,1.0,0.0,0.0,2541404160.0,0.0,1638400.0,10408135501.0,12951178061.0,414437697952.0,9331357998.0,298603455936.0,8010129592.0,256324146944.0,2063.2404979651396,2063.2404979651396,0.0,,1.9528176882059007,1.9528176882059007,0.0,0.0,2.7103546564225387,2.7103546564225387,0.0,0.0,3.1574132865321314,3.1574132865321314,0.0,0.0
FP32,ResNet50-2,NHWC,112x112x64,9x9x64x64,1,16,forward,280.0,0.07690168965177656,0.0,159020482580.0,0.0,0.0,159020482580.0,1.0,0.0,0.0,401981440.0,0.0,1638464.0,2286797270.0,2690417174.0,86093349568.0,1980389757.0,63372472224.0,1595590827.0,51058906464.0,2067.8412047910883,2067.8412047910883,0.0,,1.8470704575665187,1.8470704575665187,0.0,0.0,2.5092990221040616,2.5092990221040616,0.0,0.0,3.114451397272291,3.114451397272291,0.0,0.0
FP32,ResNet50-2,NHWC,112x112x64,9x9x64x64,2,16,backward,680.0,0.5505981239905277,0.0,3369093038100.0,0.0,0.0,3369093038100.0,1.0,0.0,0.0,6415013760.0,3290011680.0,1638400.0,7691981500.0,17398645340.0,556756650880.0,19551268917.0,625640605344.0,1295644910.0,41460637120.0,6118.969337712384,6118.969337712384,0.0,,6.05128476287597,6.05128476287597,0.0,0.0,5.3850293752074325,5.3850293752074325,0.0,0.0,81.26004017615058,81.26004017615058,0.0,0.0
FP32,ResNet50-2,NHWC,112x112x64,9x9x64x64,2,16,forward,200.0,0.07959532132824154,0.0,666799964180.0,0.0,0.0,666799964180.0,1.0,0.0,0.0,919532160.0,0.0,1638400.0,2081066075.0,3002236635.0,96071572320.0,617717610.0,19766963520.0,365230800.0,11687385600.0,8377.376371535673,8377.376371535673,0.0,,6.940658387051159,6.940658387051159,0.0,0.0,33.73304976787856,33.73304976787856,0.0,0.0,57.05296180011379,57.05296180011379,0.0,0.0
FP32,ResNet50-2,NHWC,112x112x64,9x9x64x64,3,16,backward,580.0,0.263569165101144,0.0,1580683427860.0,0.0,0.0,1580683427860.0,1.0,0.0,0.0,2692016640.0,1452493740.0,1638412.0,3839401318.0,7985550110.0,255537603520.0,9597917136.0,307133348352.0,893852160.0,28603269120.0,5997.224399346626,5997.224399346626,0.0,,6.185717507272019,6.185717507272019,0.0,0.0,5.146570492398654,5.146570492398654,0.0,0.0,55.26233456842013,55.26233456842013,0.0,0.0
FP32,ResNet50-2,NHWC,112x112x64,9x9x64x64,3,16,forward,180.0,0.042176346887266986,0.0,308306575380.0,0.0,0.0,308306575380.0,1.0,0.0,0.0,433093120.0,0.0,1638400.0,1293128359.0,1727859879.0,55291516128.0,406264862.0,13000475584.0,275501075.0,8816034400.0,7309.9402421947925,7309.9402421947925,0.0,,5.576019559063447,5.576019559063447,0.0,0.0,23.715022838044508,23.715022838044508,0.0,0.0,34.97111755598413,34.97111755598413,0.0,0.0
FP32,VGG-1,NHWC,224x224x3,3x3x3x64,1,16,backward,580.0,0.14738959887028033,0.0,595083271700.0,0.0,0.0,595083271700.0,1.0,0.0,0.0,1425100800.0,259148800.0,1641404.0,2892807875.0,4578698879.0,146518364128.0,3504173314.0,112133546048.0,2390158129.0,76485060128.0,4037.4848446649294,4037.4848446649294,0.0,,4.061492736706567,4.061492736706567,0.0,0.0,5.3069156614851725,5.3069156614851725,0.0,0.0,7.780385747283334,7.780385747283334,0.0,0.0
FP32,VGG-1,NHWC,224x224x3,3x3x3x64,1,16,forward,180.0,0.021347430818515985,0.0,67979509780.0,0.0,0.0,67979509780.0,1.0,0.0,0.0,236851200.0,0.0,1640956.0,554261861.0,792754017.0,25368128544.0,464531653.0,14865012896.0,439596314.0,14067082048.0,3184.4351836960655,3184.4351836960655,0.0,,2.679721117862213,2.679721117862213,0.0,0.0,4.573121480324614,4.573121480324614,0.0,0.0,4.832523870127355,4.832523870127355,0.0,0.0
FP32,VGG-2,NHWC,224x224x64,3x3x64x128,2,16,backward,680.0,0.5908215493544455,0.0,2969428295700.0,0.0,0.0,2969428295700.0,1.0,0.0,0.0,5002072960.0,2170552320.0,1638400.0,7977669021.0,15151932701.0,484861846432.0,18602211015.0,595270752480.0,5931202575.0,189798482400.0,5025.930924395889,5025.930924395889,0.0,,6.124277085424272,6.124277085424272,0.0,0.0,4.988365854241708,4.988365854241708,0.0,0.0,15.645163534247521,15.645163534247521,0.0,0.0
FP32,VGG-2,NHWC,224x224x64,3x3x64x128,2,16,forward,200.0,0.11162425564224641,0.0,596023705620.0,0.0,0.0,596023705620.0,1.0,0.0,0.0,930606720.0,0.0,1638400.0,2929870482.0,3862115602.0,123587699264.0,2050421842.0,65613498944.0,1674920947.0,53597470304.0,5339.553685627651,5339.553685627651,0.0,,4.822678220967711,4.822678220967711,0.0,0.0,9.083857974541123,9.083857974541123,0.0,0.0,11.120370089099495,11.120370089099495,0.0,0.0
FP32,VGG-3,NHWC,112x112x128,3x3x128x256,2,16,backward,680.0,0.41663749181707543,0.0,2989361725460.0,0.0,0.0,2989361725460.0,1.0,0.0,0.0,4713329920.0,1220474220.0,1638400.0,4177638009.0,10113080549.0,323618577568.0,11803172999.0,377701535968.0,2973881012.0,95164192384.0,7174.9705299504785,7174.9705299504785,0.0,,9.237299502164284,9.237299502164284,0.0,0.0,7.9146136321597265,7.9146136321597265,0.0,0.0,31.412673722880275,31.412673722880275,0.0,0.0
FP32,VGG-3,NHWC,112x112x128,3x3x128x256,2,16,forward,200.0,0.07748379993008159,0.0,593968496660.0,0.0,0.0,593968496660.0,1.0,0.0,0.0,790260480.0,0.0,1638400.0,1634798856.0,2426697736.0,77654327552.0,1163451986.0,37230463552.0,833088055.0,26658817760.0,7665.71202233208,7665.71202233208,0.0,,7.64887824522411,7.64887824522411,0.0,0.0,15.953830277466215,15.953830277466215,0.0,0.0,22.280376497085893,22.280376497085893,0.0,0.0
